run_id,runtime,gc,heap,workload,players,seed,warmup_s,measure_s,ticks,tps,mean_mspt,p50_mspt,p95_mspt,p99_mspt,max_mspt,over50_pct,gc_pauses,gc_mean_ms,gc_max_ms,rss_peak_mb,cpu_peak_pct,bot_kicks,date
20260930-165535-graalvmce25-g1-entity-p25-ws1,graalvmce25,g1,8G,entity,25,20260930,600,600,12000,20.0,5.759,5.677394,6.669544,7.634012,56.6,0.025,32,30.11,89.462,6371,297.2,0,2026-09-30T17:15:52
20260930-165535-graalvmce25-zgc-mixed-p25-ws0,graalvmce25,zgc,8G,mixed,25,20260930,600,600,12000,20.0,7.928,7.77757,9.269662,11.5752,37.2,0.0,153,0.01,0.022,8148,354.0,0,2026-09-30T17:15:56
20260930-171552-semeru25-optavgpause-mixed-p25-ws1,semeru25,optavgpause,8G,mixed,25,20260930,600,600,12000,20.0,10.138,9.849643,11.889896,14.431634,213.5,0.05,0,,,8319,345.4,0,2026-09-30T17:36:13
20260930-171556-temurin25-g1-mixed-p25-ws0,temurin25,g1,8G,mixed,25,20260930,600,600,12020,20.03,7.615,7.503328,8.781802,10.399268,34.9,0.0,33,23.98,183.408,6285,369.8,0,2026-09-30T17:36:13
20260930-173613-graalvmce25-g1-entity-p25-ws0,graalvmce25,g1,8G,entity,25,20260930,600,600,12000,20.0,5.687,5.598057,6.525746,7.336896,74.8,0.033,31,35.4,108.574,6428,336.6,0,2026-09-30T17:56:29
20260930-173613-semeru25-gencon-explore-p25-ws1,semeru25,gencon,8G,explore,25,20260930,600,600,12000,20.0,7.643,7.458236,8.89304,11.507398,78.6,0.017,0,,,2782,347.8,0,2026-09-30T17:56:34
20260930-175629-temurin25-parallel-entity-p25-ws0,temurin25,parallel,8G,entity,25,20260930,600,600,12000,20.0,6.435,6.354065,7.346006,8.435336,17.7,0.0,23,43.62,246.165,3559,337.8,0,2026-09-30T18:16:45
20260930-175634-temurin25-parallel-explore-p25-ws1,temurin25,parallel,8G,explore,25,20260930,600,600,12000,20.0,6.633,6.545242,7.59505,8.913267,17.1,0.0,29,35.74,261.53,3592,380.6,0,2026-09-30T18:16:50
20260930-181645-temurin25-g1-explore-p25-ws0,temurin25,g1,8G,explore,25,20260930,600,600,12000,20.0,6.545,6.460655,7.39686,8.641653,24.1,0.0,32,21.14,164.648,6236,348.8,0,2026-09-30T18:37:01
20260930-181650-semeru25-balanced-mixed-p25-ws1,semeru25,balanced,8G,mixed,25,20260930,600,600,12000,20.0,10.489,10.249317,12.196278,15.243089,70.8,0.025,0,,,3257,349.2,0,2026-09-30T18:37:10
20260930-183701-semeru25-balanced-entity-p25-ws0,semeru25,balanced,8G,entity,25,20260930,600,600,12000,20.0,7.746,7.561597,9.092881,11.585209,58.3,0.008,0,,,3175,342.6,0,2026-09-30T18:57:20
20260930-183710-temurin25-shenandoah-mixed-p25-ws1,temurin25,shenandoah,8G,mixed,25,20260930,600,600,12000,20.0,7.943,7.834255,9.432523,10.812578,29.9,0.0,60,0.1,0.316,8626,390.4,0,2026-09-30T18:57:28
20260930-185720-temurin25-g1-entity-p25-ws0,temurin25,g1,8G,entity,25,20260930,600,600,12000,20.0,6.187,6.101445,7.087874,7.908844,26.7,0.0,30,21.12,144.139,6255,363.2,0,2026-09-30T19:17:36
20260930-185728-graalvmce25-g1-explore-p25-ws1,graalvmce25,g1,8G,explore,25,20260930,600,600,12000,20.0,5.996,5.886986,6.79637,7.566235,69.7,0.042,35,32.18,99.52,6387,327.4,0,2026-09-30T19:17:45
20260930-191736-semeru25-optthruput-mixed-p25-ws0,semeru25,optthruput,8G,mixed,25,20260930,600,600,12000,20.0,11.467,11.07895,13.627645,16.466427,192.0,0.083,0,,,8279,322.4,0,2026-09-30T19:37:56
20260930-191745-temurin25-zgc-explore-p25-ws1,temurin25,zgc,8G,explore,25,20260930,600,600,12000,20.0,6.684,6.560291,7.628983,9.289628,62.5,0.008,161,0.01,0.026,8493,374.0,0,2026-09-30T19:38:04
20260930-193756-semeru25-optthruput-explore-p25-ws0,semeru25,optthruput,8G,explore,25,20260930,600,600,12000,20.0,8.814,8.638034,10.112633,12.087926,168.2,0.025,0,,,8284,349.4,0,2026-09-30T19:58:16
20260930-193804-semeru25-optavgpause-explore-p25-ws1,semeru25,optavgpause,8G,explore,25,20260930,600,600,12000,20.0,8.801,8.54478,10.082347,12.63985,203.4,0.05,0,,,8309,342.0,0,2026-09-30T19:58:25
20260930-195816-graalvmce25-g1-explore-p25-ws0,graalvmce25,g1,8G,explore,25,20260930,600,600,12000,20.0,6.361,6.256884,7.372716,8.366388,37.6,0.0,35,23.13,153.842,6319,345.0,0,2026-09-30T20:18:33
20260930-195825-temurin25-shenandoah-mixed-p25-ws1,temurin25,shenandoah,8G,mixed,25,20260930,600,600,12000,20.0,7.563,7.442614,8.718524,10.4433,20.0,0.0,56,0.11,0.357,8645,376.6,0,2026-09-30T20:18:44
20260930-201833-semeru25-balanced-explore-p25-ws0,semeru25,balanced,8G,explore,25,20260930,600,600,12000,20.0,8.146,7.957906,9.454487,12.138406,98.3,0.017,0,,,3167,343.6,0,2026-09-30T20:38:53
20260930-201844-corretto25-g1-entity-p25-ws1,corretto25,g1,8G,entity,25,20260930,600,600,12000,20.0,6.294,6.175343,7.283098,9.910632,27.5,0.0,27,24.75,169.7,6244,379.6,0,2026-09-30T20:39:01
20260930-203853-temurin25-zgc-entity-p25-ws0,temurin25,zgc,8G,entity,25,20260930,600,600,12000,20.0,6.203,6.100253,7.100296,8.606294,54.1,0.008,163,0.01,0.034,6852,360.2,0,2026-09-30T20:59:13
20260930-203901-semeru25-gencon-explore-p25-ws1,semeru25,gencon,8G,explore,25,20260930,600,600,12000,20.0,7.876,7.714904,9.162857,12.002987,44.7,0.0,0,,,2779,349.0,0,2026-09-30T20:59:21
20260930-205913-temurin25-zgc-mixed-p25-ws0,temurin25,zgc,8G,mixed,25,20260930,600,600,12000,20.0,8.168,8.010504,9.788133,12.152606,25.1,0.0,153,0.01,0.028,8083,338.4,0,2026-09-30T21:19:32
20260930-205921-graalvmce25-zgc-entity-p25-ws1,graalvmce25,zgc,8G,entity,25,20260930,600,600,12020,20.03,5.672,5.545719,6.827717,9.107949,56.1,0.008,158,0.01,0.022,7309,324.6,0,2026-09-30T21:19:43
20260930-211932-semeru25-optavgpause-entity-p25-ws0,semeru25,optavgpause,8G,entity,25,20260930,600,600,12000,20.0,8.257,8.04654,9.584999,12.556137,196.9,0.058,0,,,8309,344.8,0,2026-09-30T21:39:52
20260930-211943-semeru25-optthruput-mixed-p25-ws1,semeru25,optthruput,8G,mixed,25,20260930,600,600,11999,20.0,12.072,11.745818,13.971027,17.185678,217.1,0.058,0,,,8289,353.2,0,2026-09-30T21:40:04
20260930-213952-temurin25-shenandoah-entity-p25-ws0,temurin25,shenandoah,8G,entity,25,20260930,600,600,12000,20.0,5.457,5.380401,6.323238,7.339984,16.3,0.0,44,0.11,0.393,8593,373.0,0,2026-09-30T22:00:09
20260930-214004-semeru25-gencon-mixed-p25-ws1,semeru25,gencon,8G,mixed,25,20260930,600,600,12000,20.0,8.38,8.147539,9.975778,12.985558,86.0,0.008,0,,,2792,351.4,0,2026-09-30T22:00:26
20260930-220009-semeru25-optavgpause-entity-p25-ws0,semeru25,optavgpause,8G,entity,25,20260930,600,600,12000,20.0,8.248,8.066338,9.556716,11.549691,201.2,0.025,0,,,8310,344.4,0,2026-09-30T22:20:28
20260930-220026-semeru25-optavgpause-explore-p25-ws1,semeru25,optavgpause,8G,explore,25,20260930,600,600,12000,20.0,8.827,8.607276,10.210365,12.872098,186.4,0.033,0,,,8388,350.6,0,2026-09-30T22:20:47
20260930-222028-temurin25-parallel-mixed-p25-ws0,temurin25,parallel,8G,mixed,25,20260930,600,600,12000,20.0,6.92,6.848637,7.877396,9.083313,17.7,0.0,30,35.38,242.235,3615,343.0,0,2026-09-30T22:40:44
20260930-222047-temurin25-g1-mixed-p25-ws1,temurin25,g1,8G,mixed,25,20260930,600,600,12000,20.0,7.732,7.559543,9.228113,10.628575,45.5,0.0,33,23.57,134.624,6332,356.0,0,2026-09-30T22:41:04
20260930-224044-graalvmce25-zgc-entity-p25-ws0,graalvmce25,zgc,8G,entity,25,20260930,600,600,12000,20.0,5.918,5.807366,7.014277,9.335504,58.4,0.008,160,0.01,0.041,6839,298.2,0,2026-09-30T23:01:03
20260930-224104-semeru25-gencon-mixed-p25-ws1,semeru25,gencon,8G,mixed,25,20260930,600,600,12000,20.0,10.158,9.909434,12.313887,15.160573,102.3,0.017,0,,,2831,352.4,0,2026-09-30T23:01:24
20260930-230103-temurin25-zgc-entity-p25-ws0,temurin25,zgc,8G,entity,25,20260930,600,600,12000,20.0,5.877,5.786408,6.767838,8.345745,78.1,0.008,165,0.01,0.036,6912,336.2,0,2026-09-30T23:21:22
20260930-230124-temurin25-g1-entity-p25-ws1,temurin25,g1,8G,entity,25,20260930,600,600,12000,20.0,5.789,5.721476,6.59702,7.349442,27.9,0.0,29,20.56,131.956,6274,343.2,0,2026-09-30T23:21:39
20260930-232122-corretto25-g1-mixed-p25-ws0,corretto25,g1,8G,mixed,25,20260930,600,600,12001,20.0,8.804,8.729634,10.066907,11.498066,34.5,0.0,34,23.76,154.512,6334,336.0,0,2026-09-30T23:41:36
20260930-232139-corretto25-g1-explore-p25-ws1,corretto25,g1,8G,explore,25,20260930,600,600,12000,20.0,6.546,6.455956,7.462322,8.598605,37.6,0.0,34,25.58,143.829,6266,348.6,0,2026-09-30T23:41:55
20260930-234136-temurin25-parallel-mixed-p25-ws0,temurin25,parallel,8G,mixed,25,20260930,600,600,12001,20.0,8.308,8.211579,9.373675,10.998385,24.9,0.0,31,34.02,240.842,3759,338.8,0,2026-10-01T00:01:51
20260930-234155-graalvmce25-g1-explore-p25-ws1,graalvmce25,g1,8G,explore,25,20260930,600,600,12000,20.0,5.949,5.867128,6.83363,8.232117,34.4,0.0,33,20.79,120.081,6318,304.6,0,2026-10-01T00:02:13
20261001-000151-temurin25-shenandoah-entity-p25-ws0,temurin25,shenandoah,8G,entity,25,20260930,600,600,12000,20.0,5.167,5.095389,6.037526,6.909601,15.4,0.0,44,0.1,0.368,8587,368.8,0,2026-10-01T00:22:06
20261001-000213-temurin25-zgc-explore-p25-ws1,temurin25,zgc,8G,explore,25,20260930,600,600,12000,20.0,6.104,5.995999,7.019296,8.67309,89.7,0.008,170,0.01,0.022,8164,325.8,0,2026-10-01T00:22:31
20261001-002206-semeru25-optthruput-mixed-p25-ws0,semeru25,optthruput,8G,mixed,25,20260930,600,600,12000,20.0,9.636,9.404563,11.407577,13.559709,173.3,0.033,0,,,8290,326.6,0,2026-10-01T00:42:26
20261001-002231-corretto25-g1-entity-p25-ws1,corretto25,g1,8G,entity,25,20260930,600,600,12000,20.0,5.986,5.888697,6.838118,8.102174,25.3,0.0,29,23.07,201.86,6261,348.8,0,2026-10-01T00:42:47
20261001-004226-graalvmce25-g1-mixed-p25-ws0,graalvmce25,g1,8G,mixed,25,20260930,600,600,12000,20.0,7.831,7.685378,9.198769,11.170665,74.3,0.042,35,36.98,112.553,6474,285.4,0,2026-10-01T01:02:43
20261001-004247-graalvmce25-zgc-explore-p25-ws1,graalvmce25,zgc,8G,explore,25,20260930,600,600,12000,20.0,6.187,6.065628,7.376301,9.59117,56.4,0.008,168,0.01,0.029,7551,343.4,0,2026-10-01T01:03:07
20261001-010243-graalvmce25-g1-mixed-p25-ws0,graalvmce25,g1,8G,mixed,25,20260930,600,600,12000,20.0,8.393,8.257753,9.994133,11.713978,44.8,0.0,39,22.36,107.446,6420,314.6,0,2026-10-01T01:22:58
20261001-010307-temurin25-shenandoah-explore-p25-ws1,temurin25,shenandoah,8G,explore,25,20260930,600,600,11999,20.0,5.898,5.796606,6.861191,8.391785,18.4,0.0,52,0.1,0.288,8615,378.4,0,2026-10-01T01:23:23
20261001-012258-semeru25-optavgpause-explore-p25-ws0,semeru25,optavgpause,8G,explore,25,20260930,600,600,12000,20.0,8.512,8.269897,9.788959,12.889829,194.9,0.033,0,,,8313,347.2,0,2026-10-01T01:43:17
20261001-012323-semeru25-gencon-mixed-p25-ws1,semeru25,gencon,8G,mixed,25,20260930,600,600,12000,20.0,8.844,8.589594,10.596385,13.223954,52.1,0.033,0,,,2803,346.6,0,2026-10-01T01:43:44
20261001-014317-corretto25-g1-mixed-p25-ws0,corretto25,g1,8G,mixed,25,20260930,600,600,12000,20.0,8.539,8.453269,9.679375,10.776191,44.9,0.0,36,22.08,137.583,6323,365.2,0,2026-10-01T02:03:33
20261001-014344-semeru25-gencon-explore-p25-ws1,semeru25,gencon,8G,explore,25,20260930,600,600,12000,20.0,8.132,7.941915,9.43774,12.231774,46.3,0.0,0,,,2778,353.2,0,2026-10-01T02:04:03
20261001-020333-temurin25-g1-entity-p25-ws0,temurin25,g1,8G,entity,25,20260930,600,600,12000,20.0,6.06,5.995748,6.877913,7.88033,24.5,0.0,26,21.47,160.224,6225,352.2,0,2026-10-01T02:23:47
20261001-020403-temurin25-zgc-mixed-p25-ws1,temurin25,zgc,8G,mixed,25,20260930,600,600,12000,20.0,7.523,7.355152,9.099534,11.275259,21.5,0.0,155,0.01,0.044,8341,349.6,0,2026-10-01T02:24:21
20261001-022347-semeru25-optthruput-entity-p25-ws0,semeru25,optthruput,8G,entity,25,20260930,600,600,12000,20.0,8.024,7.824858,9.198679,11.721091,172.1,0.025,0,,,8285,347.2,0,2026-10-01T02:44:06
20261001-022421-graalvmce25-g1-entity-p25-ws1,graalvmce25,g1,8G,entity,25,20260930,600,600,12000,20.0,5.588,5.492089,6.472336,7.499271,73.2,0.033,31,27.54,92.603,6388,310.8,0,2026-10-01T02:44:37
20261001-024406-temurin25-g1-explore-p25-ws0,temurin25,g1,8G,explore,25,20260930,600,600,12000,20.0,6.358,6.273075,7.110777,8.227578,23.2,0.0,32,19.78,132.687,6253,353.2,0,2026-10-01T03:04:22
20261001-024437-semeru25-optavgpause-mixed-p25-ws1,semeru25,optavgpause,8G,mixed,25,20260930,600,600,12000,20.0,11.997,11.657162,14.056433,17.223785,220.4,0.058,0,,,8315,352.6,0,2026-10-01T03:04:55
20261001-030422-semeru25-balanced-explore-p25-ws0,semeru25,balanced,8G,explore,25,20260930,600,600,12000,20.0,8.258,8.087528,9.605686,12.062578,53.8,0.025,0,,,3171,339.6,0,2026-10-01T03:24:42
20261001-030455-temurin25-shenandoah-mixed-p25-ws1,temurin25,shenandoah,8G,mixed,25,20260930,600,600,12000,20.0,8.138,8.039287,9.324774,11.238416,19.2,0.0,60,0.1,0.341,8663,370.6,0,2026-10-01T03:25:11
20261001-032442-semeru25-balanced-mixed-p25-ws0,semeru25,balanced,8G,mixed,25,20260930,600,600,12000,20.0,9.787,9.555295,11.400799,14.55231,53.0,0.017,0,,,3216,340.0,0,2026-10-01T03:45:00
20261001-032511-temurin25-parallel-mixed-p25-ws1,temurin25,parallel,8G,mixed,25,20260930,600,600,12000,20.0,7.245,7.139009,8.311876,9.777673,18.7,0.0,29,34.56,236.383,3737,333.6,0,2026-10-01T03:45:27
20261001-034500-temurin25-parallel-entity-p25-ws0,temurin25,parallel,8G,entity,25,20260930,600,600,12000,20.0,5.761,5.697122,6.548158,7.188622,18.3,0.0,24,42.44,243.596,3618,291.0,0,2026-10-01T04:05:16
20261001-034527-semeru25-optavgpause-entity-p25-ws1,semeru25,optavgpause,8G,entity,25,20260930,600,600,12000,20.0,8.195,7.96598,9.588656,12.236733,194.3,0.042,0,,,8321,355.2,0,2026-10-01T04:05:45
20261001-040516-corretto25-g1-explore-p25-ws0,corretto25,g1,8G,explore,25,20260930,600,600,12000,20.0,6.55,6.481804,7.37538,8.286088,29.3,0.0,32,21.17,148.403,6251,347.6,0,2026-10-01T04:25:30
20261001-040545-temurin25-parallel-explore-p25-ws1,temurin25,parallel,8G,explore,25,20260930,600,600,12000,20.0,6.37,6.271001,7.25792,9.026628,19.6,0.0,30,34.99,257.737,3563,337.6,0,2026-10-01T04:26:01
20261001-042530-temurin25-parallel-entity-p25-ws0,temurin25,parallel,8G,entity,25,20260930,600,600,12000,20.0,6.048,5.973516,7.030036,8.120629,15.7,0.0,24,40.82,237.516,3630,297.6,0,2026-10-01T04:45:46
20261001-042601-temurin25-shenandoah-entity-p25-ws1,temurin25,shenandoah,8G,entity,25,20260930,600,600,12000,20.0,5.51,5.427459,6.455474,7.614716,18.1,0.0,44,0.1,0.307,8591,352.4,0,2026-10-01T04:46:16
20261001-044546-temurin25-shenandoah-explore-p25-ws0,temurin25,shenandoah,8G,explore,25,20260930,600,600,12000,20.0,5.734,5.651596,6.670225,7.672734,19.0,0.0,52,0.11,0.322,8597,366.4,0,2026-10-01T05:06:01
20261001-044616-corretto25-g1-explore-p25-ws1,corretto25,g1,8G,explore,25,20260930,600,600,12000,20.0,6.606,6.498255,7.448907,9.183742,30.1,0.0,31,19.73,151.51,6261,328.8,0,2026-10-01T05:06:31
20261001-050601-semeru25-balanced-entity-p25-ws0,semeru25,balanced,8G,entity,25,20260930,600,600,12000,20.0,7.728,7.55798,9.061324,11.570018,57.2,0.025,0,,,3142,341.6,0,2026-10-01T05:26:20
20261001-050631-semeru25-gencon-entity-p25-ws1,semeru25,gencon,8G,entity,25,20260930,600,600,12000,20.0,7.581,7.389946,8.826089,11.358166,173.9,0.033,0,,,2764,344.0,0,2026-10-01T05:26:51
20261001-052620-graalvmce25-zgc-mixed-p25-ws0,graalvmce25,zgc,8G,mixed,25,20260930,600,600,12000,20.0,9.211,9.052877,10.76544,13.399881,23.5,0.0,148,0.01,0.029,8434,326.4,0,2026-10-01T05:46:40
20261001-052651-semeru25-balanced-explore-p25-ws1,semeru25,balanced,8G,explore,25,20260930,600,600,12000,20.0,8.35,8.163559,9.812834,12.521954,47.3,0.0,0,,,3175,342.8,0,2026-10-01T05:47:10
20261001-054640-semeru25-optthruput-entity-p25-ws0,semeru25,optthruput,8G,entity,25,20260930,600,600,12000,20.0,8.108,7.959108,9.339341,12.034568,178.3,0.025,0,,,8275,348.8,0,2026-10-01T06:06:58
20261001-054710-graalvmce25-zgc-entity-p25-ws1,graalvmce25,zgc,8G,entity,25,20260930,600,600,12000,20.0,5.808,5.683235,6.838589,9.422235,55.9,0.008,165,0.01,0.033,6649,299.8,0,2026-10-01T06:07:31
20261001-060658-graalvmce25-zgc-explore-p25-ws0,graalvmce25,zgc,8G,explore,25,20260930,600,600,12000,20.0,6.052,5.935115,7.002224,9.12352,71.0,0.008,163,0.01,0.027,7648,289.8,0,2026-10-01T06:27:19
20261001-060731-corretto25-g1-mixed-p25-ws1,corretto25,g1,8G,mixed,25,20260930,600,600,12000,20.0,8.954,8.897257,10.469778,12.258428,56.4,0.017,34,25.57,123.524,6370,330.0,0,2026-10-01T06:27:46
20261001-062719-temurin25-g1-mixed-p25-ws0,temurin25,g1,8G,mixed,25,20260930,600,600,12000,20.0,8.597,8.483728,9.815709,11.155286,63.0,0.008,34,24.01,163.464,6323,335.2,0,2026-10-01T06:47:34
20261001-062746-graalvmce25-zgc-explore-p25-ws1,graalvmce25,zgc,8G,explore,25,20260930,600,600,12000,20.0,6.899,6.601798,9.36039,11.488457,57.7,0.008,163,0.01,0.041,7968,333.4,0,2026-10-01T06:48:04
20261001-064734-temurin25-zgc-explore-p25-ws0,temurin25,zgc,8G,explore,25,20260930,600,600,12000,20.0,6.354,6.241466,7.339212,9.26367,62.1,0.008,165,0.01,0.041,8035,317.4,0,2026-10-01T07:07:53
20261001-064804-semeru25-optthruput-entity-p25-ws1,semeru25,optthruput,8G,entity,25,20260930,600,600,12000,20.0,8.259,8.015974,9.587223,12.189011,184.0,0.025,0,,,8284,334.8,0,2026-10-01T07:08:23
20261001-070753-semeru25-gencon-entity-p25-ws0,semeru25,gencon,8G,entity,25,20260930,600,600,12000,20.0,7.771,7.565494,9.230418,12.025098,46.3,0.0,0,,,2779,349.2,0,2026-10-01T07:28:11
20261001-070823-graalvmce25-zgc-mixed-p25-ws1,graalvmce25,zgc,8G,mixed,25,20260930,600,600,12000,20.0,7.523,7.350013,9.148115,11.504046,25.8,0.0,158,0.01,0.05,7898,334.6,0,2026-10-01T07:28:43
20261001-072811-temurin25-shenandoah-explore-p25-ws0,temurin25,shenandoah,8G,explore,25,20260930,600,600,12000,20.0,6.195,6.101705,7.068147,7.937145,17.1,0.0,56,0.1,0.306,8644,370.4,0,2026-10-01T07:48:27
20261001-072843-temurin25-parallel-explore-p25-ws1,temurin25,parallel,8G,explore,25,20260930,600,600,12000,20.0,7.172,7.068407,8.152029,9.909525,21.6,0.0,29,35.96,246.599,3667,342.0,0,2026-10-01T07:48:58
20261001-074827-graalvmce25-g1-mixed-p25-ws0,graalvmce25,g1,8G,mixed,25,20260930,600,600,12000,20.0,7.252,7.165649,8.29828,9.495513,36.8,0.0,36,21.19,126.995,6350,316.6,0,2026-10-01T08:08:42
20261001-074858-semeru25-optavgpause-mixed-p25-ws1,semeru25,optavgpause,8G,mixed,25,20260930,600,600,12000,20.0,10.699,10.428542,12.689276,15.430087,216.7,0.058,0,,,8322,351.6,0,2026-10-01T08:09:18
20261001-080842-temurin25-zgc-mixed-p25-ws0,temurin25,zgc,8G,mixed,25,20260930,600,600,12000,20.0,7.405,7.289279,8.460482,9.957422,22.9,0.0,163,0.01,0.029,8460,345.0,0,2026-10-01T08:29:01
20261001-080918-semeru25-optthruput-explore-p25-ws1,semeru25,optthruput,8G,explore,25,20260930,600,600,12000,20.0,8.625,8.40573,9.991578,13.001113,206.8,0.042,0,,,8284,350.2,0,2026-10-01T08:29:37
20261001-082901-semeru25-optthruput-explore-p25-ws0,semeru25,optthruput,8G,explore,25,20260930,600,600,12000,20.0,8.193,7.969577,9.406813,11.980085,171.9,0.025,0,,,8305,342.8,0,2026-10-01T08:49:21
20261001-082937-semeru25-balanced-mixed-p25-ws1,semeru25,balanced,8G,mixed,25,20260930,600,600,12000,20.0,9.455,9.211993,11.154265,13.916314,54.1,0.008,0,,,3179,347.4,0,2026-10-01T08:49:56
20261001-084921-semeru25-gencon-entity-p25-ws0,semeru25,gencon,8G,entity,25,20260930,600,600,12000,20.0,7.445,7.275924,8.656978,11.131591,48.8,0.0,0,,,2758,343.4,0,2026-10-01T09:09:40
20261001-084956-semeru25-balanced-entity-p25-ws1,semeru25,balanced,8G,entity,25,20260930,600,600,12000,20.0,7.824,7.5897,9.378734,11.790362,180.6,0.042,0,,,3147,354.2,0,2026-10-01T09:10:14
20261001-090940-temurin25-zgc-entity-p25-ws0,temurin25,zgc,8G,entity,25,20260930,600,600,12000,20.0,6.01,5.935646,6.956269,8.258577,47.0,0.0,165,0.01,0.028,6332,297.2,0,2026-10-01T09:30:00
20261001-091014-corretto25-g1-entity-p25-ws1,corretto25,g1,8G,entity,25,20260930,600,600,12000,20.0,5.924,5.8519,6.783476,8.075275,26.0,0.0,27,20.67,135.273,6268,329.4,0,2026-10-01T09:30:30
20261001-093000-temurin25-g1-explore-p25-ws0,temurin25,g1,8G,explore,25,20260930,600,600,12000,20.0,6.041,5.995057,6.937282,7.861736,34.2,0.0,32,19.83,134.808,6242,352.4,0,2026-10-01T09:50:14
