runtime,gc,players,mean,p95,p99,over50,kicks,gcmax,spread
graalvmce25,g1,25,8.4,9.86,11.29,0.02,0,114.09,0.75
openjdk25,default,25,8.98,10.62,12.27,0.02,0,115.1,0.67
oracle25,default,25,8.91,10.62,12.6,0.02,0,131.01,1.34
temurin25,g1,25,8.4,10.07,11.83,0.02,0,99.45,2.17
temurin25,parallel,25,9.81,12.25,14.78,0.01,0,247.19,1.41
temurin25,shenandoah,25,9.17,11.21,13.36,0.0,0,1.17,0.76
temurin25,zgc,25,9.57,11.2,13.65,0.0,0,0.03,0.84
graalvmce25,g1,50,11.92,14.82,18.14,0.03,0,110.36,1.55
openjdk25,default,50,10.63,13.11,15.69,0.02,0,120.51,0.61
oracle25,default,50,11.24,14.52,18.63,0.03,0,204.29,1.1
temurin25,g1,50,10.63,12.97,15.65,0.02,0,117.34,1.78
temurin25,parallel,50,11.17,13.2,15.34,0.0,0,218.89,1.35
temurin25,shenandoah,50,11.03,13.51,16.21,0.0,0,0.38,1.95
temurin25,zgc,50,12.69,15.54,19.05,0.0,0,0.04,0.26
graalvmce25,g1,100,18.37,23.28,32.14,0.07,0,117.01,0.58
openjdk25,default,100,18.11,22.32,30.34,0.03,0,111.22,3.57
oracle25,default,100,18.36,23.42,30.72,0.03,0,133.72,1.35
temurin25,g1,100,18.38,22.54,30.84,0.05,0,107.51,2.43
temurin25,parallel,100,20.3,25.64,35.38,0.14,0,205.86,3.05
temurin25,shenandoah,100,18.16,23.15,31.26,0.06,0,0.45,4.35
temurin25,zgc,100,18.62,22.97,30.97,0.05,0,0.09,0.64
graalvmce25,g1,150,82.82,130.89,176.14,94.09,0,103.73,15.73
openjdk25,default,150,87.18,138.54,182.27,96.95,0,104.64,9.9
oracle25,default,150,78.45,120.36,165.76,92.4,0,118.87,12.32
temurin25,g1,150,95.59,152.43,215.02,97.9,0,102.63,24.87
temurin25,parallel,150,113.18,179.18,258.57,99.67,0,253.28,10.0
temurin25,shenandoah,150,58.25,92.94,120.85,58.93,0,0.71,2.58
temurin25,zgc,150,59.21,92.81,120.99,62.36,0,0.06,6.39
